{"stats":{"minecraft:killed":{"minecraft:zombie":2},"minecraft:picked_up":{"lightmanscurrency:coin_copper":10,"minecraft:arrow":2,"minecraft:rotten_flesh":6,"minecraft:string":1,"minecraft:ender_pearl":2},"minecraft:custom":{"minecraft:time_since_rest":10322,"minecraft:blood":0,"minecraft:magic_shield":0,"minecraft:play_time":10322,"minecraft:sprint_one_cm":25919,"minecraft:damage_taken":113,"minecraft:walk_one_cm":10302,"minecraft:damage_absorbed":127,"minecraft:sneak_time":446,"minecraft:walk_under_water_one_cm":8181,"minecraft:mob_kills":3,"minecraft:damage_dealt_resisted":0,"minecraft:dexterity":0,"minecraft:jump":113,"minecraft:intelligence":0,"minecraft:energy":50,"minecraft:damage_dealt":544,"minecraft:walk_on_water_one_cm":409,"minecraft:health":100,"minecraft:time_since_death":10322,"minecraft:move_speed":0,"minecraft:strength":0,"minecraft:total_world_time":10322,"minecraft:mana":50,"minecraft:fall_one_cm":4681,"minecraft:fly_one_cm":406174},"minecraft:mined":{"minecraft:grass":1}},"DataVersion":3465}