{"stats":{"minecraft:mined":{"minecraft:birch_log":15,"minecraft:wheat":9,"minecraft:sweet_berry_bush":1,"minecraft:birch_leaves":1,"minecraft:crafting_table":1,"minecraft:grass":1,"minecraft:spruce_leaves":6},"minecraft:used":{"minecraft:wooden_axe":8,"minecraft:bread":2,"minecraft:ender_pearl":1,"minecraft:crafting_table":2},"minecraft:custom":{"minecraft:time_since_rest":48163,"minecraft:blood":0,"minecraft:magic_shield":0,"minecraft:sprint_one_cm":91514,"minecraft:damage_absorbed":127,"minecraft:damage_taken":283,"minecraft:walk_one_cm":43826,"minecraft:mob_kills":3,"minecraft:drop":1,"minecraft:dexterity":0,"minecraft:intelligence":0,"minecraft:damage_dealt":544,"minecraft:health":100,"minecraft:move_speed":0,"minecraft:swim_one_cm":7883,"minecraft:interact_with_crafting_table":3,"minecraft:fly_one_cm":696520,"minecraft:crouch_one_cm":763,"minecraft:play_time":48163,"minecraft:sneak_time":1576,"minecraft:walk_under_water_one_cm":10968,"minecraft:jump":527,"minecraft:damage_dealt_resisted":0,"minecraft:energy":50,"minecraft:leave_game":1,"minecraft:time_since_death":48163,"minecraft:walk_on_water_one_cm":2603,"minecraft:strength":0,"minecraft:total_world_time":48163,"minecraft:fall_one_cm":18262,"minecraft:mana":50},"minecraft:picked_up":{"minecraft:birch_log":15,"minecraft:stick":4,"minecraft:crafting_table":1,"minecraft:wheat":9,"minecraft:sweet_berries":1,"minecraft:torch":1,"aquaculture:perch":2,"minecraft:string":1,"lightmanscurrency:coin_copper":10,"minecraft:arrow":2,"minecraft:rotten_flesh":6,"minecraft:wheat_seeds":29,"mmorpg:rare_mats/farming/medium":1,"minecraft:birch_sapling":7,"minecraft:ender_pearl":2},"minecraft:crafted":{"minecraft:crafting_table":1,"minecraft:wooden_pickaxe":1,"minecraft:wooden_axe":1,"minecraft:birch_planks":8,"minecraft:bread":3,"minecraft:air":38},"minecraft:killed":{"minecraft:zombie":2},"minecraft:dropped":{"minecraft:torch":1}},"DataVersion":3465}