{"stats":{"minecraft:dropped":{"exposure:camera":1,"minecraft:torch":1},"minecraft:mined":{"minecraft:birch_log":15,"minecraft:wheat":9,"minecraft:sweet_berry_bush":1,"minecraft:birch_leaves":1,"minecraft:powder_snow":2,"minecraft:crafting_table":1,"minecraft:grass":1,"minecraft:spruce_leaves":7},"minecraft:killed":{"minecraft:zombie":3},"minecraft:picked_up":{"minecraft:birch_log":15,"minecraft:stick":4,"minecraft:crafting_table":1,"minecraft:wheat":9,"minecraft:sweet_berries":1,"minecraft:torch":1,"aquaculture:perch":2,"minecraft:string":1,"cte_essentials:cloth_0_boots":1,"lightmanscurrency:coin_copper":15,"exposure:camera":1,"minecraft:arrow":2,"minecraft:bone":1,"minecraft:rotten_flesh":10,"minecraft:wheat_seeds":29,"mmorpg:rare_mats/farming/medium":1,"minecraft:birch_sapling":7,"minecraft:ender_pearl":2},"minecraft:used":{"minecraft:wooden_axe":8,"minecraft:firework_rocket":46,"minecraft:bread":4,"minecraft:ender_pearl":2,"minecraft:iron_sword":25,"minecraft:dirt":5,"minecraft:crafting_table":2},"minecraft:crafted":{"minecraft:crafting_table":1,"minecraft:wooden_pickaxe":1,"minecraft:wooden_axe":1,"minecraft:birch_planks":8,"minecraft:bread":3,"minecraft:air":38},"minecraft:custom":{"minecraft:time_since_rest":5496,"minecraft:blood":0,"minecraft:magic_shield":0,"minecraft:sprint_one_cm":151123,"minecraft:damage_absorbed":412,"minecraft:damage_taken":1590,"minecraft:walk_one_cm":102080,"minecraft:mob_kills":5,"minecraft:drop":2,"minecraft:dexterity":0,"minecraft:intelligence":0,"minecraft:damage_dealt":977,"minecraft:health":100,"minecraft:move_speed":0,"minecraft:swim_one_cm":11372,"minecraft:interact_with_crafting_table":3,"minecraft:fly_one_cm":1158091,"minecraft:crouch_one_cm":1909,"exposure:film_frames_exposed":16,"minecraft:play_time":86091,"minecraft:deaths":2,"minecraft:sneak_time":2891,"minecraft:walk_under_water_one_cm":12913,"minecraft:jump":939,"minecraft:aviate_one_cm":984697,"minecraft:damage_dealt_resisted":0,"minecraft:energy":50,"minecraft:leave_game":3,"minecraft:time_since_death":5470,"minecraft:walk_on_water_one_cm":5664,"minecraft:strength":0,"minecraft:total_world_time":86091,"minecraft:damage_resisted":0,"minecraft:fall_one_cm":35344,"minecraft:mana":50}},"DataVersion":3465}